,First_name,Last_name,State,Gender,Age,GPA,Days_missed,Graduated
0,Wayne,Boyd,Florida,Male,19.0,3.5053763440860215,9.0,Yes
1,Ann,Matthews,Pennsylvania,Female,18.0,3.0,16.77556109725686,Yes
2,George,Matthews,Texas,,17.0,3.5053763440860215,10.0,Yes
3,Jerry,Ramos,California,Male,15.0,2.0,28.0,No
4,Andrea,Carroll,North Carolina,Female,17.051779935275082,2.0,29.0,No
5,Annie,Fisher,Virginia,Female,19.0,3.5053763440860215,5.0,Yes
6,Stephanie,Barnes,Oklahoma,Female,17.051779935275082,3.0,20.0,No
7,Janet,Jenkins,Louisiana,Female,15.0,4.0,20.0,Yes
8,Betty,Miller,,,17.0,3.0,23.0,No
9,Henry,Woods,Colorado,Male,19.0,4.0,14.0,Yes
10,Stephanie,Harris,,Female,16.958874458874458,3.5053763440860215,3.0,Yes
11,Samuel,George,Georgia,Male,15.0,3.0,13.0,No
12,Todd,Phillips,Indiana,,16.958874458874458,2.0,3.0,Yes
13,Nicholas,Rice,Florida,Male,17.051779935275082,2.0,8.0,No
14,Jacqueline,Wallace,New York,Female,17.051779935275082,2.0,26.0,No
15,Phyllis,Burton,Texas,Female,16.0,3.0,18.0,No
16,Sandra,Hudson,,Female,16.958874458874458,4.0,20.0,Yes
17,Karen,Bell,Mississippi,Female,17.0,3.0,10.0,No
18,Lori,Patterson,New York,Female,18.0,3.5053763440860215,17.0,Yes
19,Ann,Banks,Pennsylvania,Female,15.0,4.0,18.0,Yes
20,Sara,Williams,,Female,17.0,3.5053763440860215,24.0,Yes
21,Benjamin,Butler,Connecticut,Male,18.0,3.5053763440860215,4.0,Yes
22,Lori,Lopez,,Female,19.0,3.0,15.0,No
23,Ryan,Porter,New York,Male,15.0,2.0,10.0,No
24,Anthony,Burke,Texas,,16.0,2.0,14.0,No
25,Katherine,Rodriguez,Arizona,Female,16.0,4.0,3.0,Yes
26,Harry,Larson,,Male,18.0,3.0,15.0,No
27,Joyce,Patterson,Virginia,Female,18.0,4.0,22.0,Yes
28,Jonathan,Wells,Indiana,Male,19.0,3.5053763440860215,20.0,Yes
29,Jesse,Hamilton,New York,Male,19.0,2.0,27.0,No
30,Susan,Evans,South Dakota,Female,15.0,2.0,29.0,No
31,Kathleen,Lee,New Jersey,,17.0,3.0,13.0,No
32,Steven,Cooper,Arizona,Male,18.0,3.5053763440860215,20.0,Yes
33,Shawn,Fisher,Indiana,Male,17.051779935275082,2.0,17.0,No
34,Arthur,Campbell,Texas,Male,16.958874458874458,3.5053763440860215,32.0,Yes
35,Harold,Flores,New Mexico,Male,19.0,3.5053763440860215,16.77556109725686,Yes
36,Bonnie,Parker,California,Female,19.0,2.0,29.0,No
37,Doris,Holmes,California,Female,15.0,4.0,20.0,Yes
38,Anna,Bradley,Virginia,Female,19.0,4.0,16.77556109725686,Yes
39,Ruth,Lopez,Ohio,,16.0,4.0,16.77556109725686,Yes
40,Wanda,Richards,Texas,Female,16.0,3.5053763440860215,7.0,Yes
41,Jimmy,Kelly,Louisiana,Male,16.958874458874458,3.5053763440860215,10.0,Yes
42,Marilyn,Marshall,New York,Female,16.958874458874458,3.5053763440860215,16.77556109725686,Yes
43,Donna,Jackson,Ohio,Female,19.0,4.0,18.0,Yes
44,Judy,Boyd,Louisiana,Female,18.0,3.5053763440860215,33.0,Yes
45,Irene,Johnson,Utah,Female,18.0,2.0,9.0,No
46,Frank,Ortiz,Florida,,16.0,3.5053763440860215,8.0,Yes
47,Mark,Wheeler,California,,16.0,2.0,13.0,No
48,Aaron,Reed,Washington,,17.051779935275082,2.0,21.0,No
49,Christina,Little,Ohio,Female,15.0,3.5053763440860215,21.0,Yes
50,Diana,Ross,Texas,Female,16.958874458874458,2.0,16.77556109725686,Yes
51,William,Cooper,New York,Male,18.0,2.0,16.77556109725686,Yes
52,Joseph,Nichols,Virginia,Male,19.0,3.0,34.0,No
53,Stephen,Bailey,Connecticut,,19.0,4.0,16.0,Yes
54,Harold,Powell,Tennessee,Male,16.958874458874458,3.5053763440860215,31.0,Yes
55,Kathleen,Cole,Texas,Female,16.0,3.0,5.0,No
56,Marilyn,Simmons,South Carolina,Female,18.0,4.0,33.0,Yes
57,Susan,Roberts,Pennsylvania,Female,17.0,3.0,16.77556109725686,Yes
58,Samuel,Elliott,Connecticut,Male,15.0,2.0,9.0,No
59,Irene,Collins,District of Columbia,Female,17.051779935275082,3.0,9.0,No
60,Joshua,Lewis,Missouri,Male,18.0,3.5053763440860215,15.0,Yes
61,Raymond,Hudson,Nebraska,Male,15.0,4.0,7.0,Yes
62,Philip,Gomez,Florida,Male,18.0,2.0,7.0,No
63,Christopher,Wood,Arizona,Male,17.051779935275082,3.0,32.0,No
64,Sarah,Garcia,Florida,Female,19.0,2.0,6.0,No
65,Antonio,Palmer,Missouri,Male,17.051779935275082,2.0,12.0,No
66,Ralph,Jacobs,Florida,Male,18.0,2.0,14.0,No
67,Patrick,Washington,Virginia,,16.958874458874458,3.5053763440860215,4.0,Yes
68,Henry,Howell,California,Male,17.051779935275082,3.0,14.0,No
69,Lois,Chavez,Minnesota,,17.0,4.0,19.0,Yes
70,Melissa,Dunn,Massachusetts,Female,17.0,3.0,16.77556109725686,Yes
71,Eric,Roberts,California,Male,18.0,3.5053763440860215,32.0,Yes
72,Timothy,Smith,California,Male,15.0,4.0,20.0,Yes
73,Kelly,Wheeler,New York,Female,16.0,3.0,25.0,No
74,Earl,Watson,Texas,Male,16.958874458874458,3.5053763440860215,6.0,Yes
75,Fred,Owens,Texas,Male,16.958874458874458,4.0,16.77556109725686,Yes
76,Emily,Frazier,California,,16.0,3.0,3.0,Yes
77,James,Fowler,District of Columbia,Male,17.0,3.0,15.0,No
78,Johnny,Myers,Georgia,Male,16.958874458874458,3.5053763440860215,16.0,Yes
79,Melissa,Harper,Kansas,,17.0,3.0,27.0,No
80,Joan,Reyes,California,Female,19.0,3.0,4.0,No
81,Keith,Sanchez,New York,Male,15.0,2.0,16.77556109725686,Yes
82,Craig,Tucker,Indiana,Male,19.0,2.0,33.0,No
83,Judith,Nguyen,Missouri,Female,16.958874458874458,4.0,13.0,Yes
84,Kenneth,Ramirez,,Male,19.0,3.5053763440860215,18.0,Yes
85,Margaret,Scott,North Carolina,Female,15.0,3.5053763440860215,19.0,Yes
86,Martha,Moreno,Kentucky,Female,19.0,2.0,16.77556109725686,Yes
87,Sandra,Nguyen,,Female,17.051779935275082,3.0,7.0,No
88,Albert,Willis,Utah,Male,18.0,3.5053763440860215,13.0,Yes
89,Shirley,Wheeler,Ohio,Female,17.051779935275082,3.0,11.0,No
90,Heather,Olson,Texas,Female,17.051779935275082,2.0,19.0,No
91,Lois,Hanson,Washington,Female,19.0,4.0,31.0,Yes
92,Diane,Stanley,Ohio,Female,16.0,3.5053763440860215,20.0,Yes
93,Jack,Williamson,Florida,,16.0,4.0,31.0,Yes
94,Earl,Walker,Louisiana,Male,15.0,3.0,31.0,No
95,Justin,Gardner,Nebraska,Male,16.958874458874458,3.5053763440860215,29.0,Yes
96,Edward,Hughes,California,Male,18.0,2.0,16.77556109725686,Yes
97,Lisa,Harper,Florida,Female,15.0,3.5053763440860215,23.0,Yes
98,Amy,Alexander,,Female,19.0,3.0,13.0,No
99,Emily,Bradley,,Female,17.0,3.5053763440860215,5.0,Yes
100,Diana,Evans,Texas,,16.958874458874458,3.0,16.77556109725686,Yes
101,Juan,Romero,Texas,,16.0,3.0,15.0,No
102,Debra,Woods,,Female,19.0,4.0,13.0,Yes
103,Donna,Cooper,Florida,Female,15.0,3.5053763440860215,16.77556109725686,Yes
104,Jason,Wright,Virginia,Male,17.0,4.0,23.0,Yes
105,Mary,Sanchez,Michigan,Female,16.0,2.0,21.0,No
106,Steven,Welch,New York,Male,16.0,3.0,17.0,No
107,Debra,Larson,Virginia,Female,17.0,4.0,16.77556109725686,Yes
108,Carlos,Gibson,Connecticut,Male,15.0,4.0,28.0,Yes
109,Janet,Johnson,Virginia,Female,17.0,3.5053763440860215,16.0,Yes
110,Kathryn,Welch,Colorado,Female,15.0,4.0,16.77556109725686,Yes
111,Kathleen,Dixon,New York,Female,17.051779935275082,2.0,6.0,No
112,Harold,Rivera,,Male,18.0,2.0,10.0,No
113,Nancy,Olson,Illinois,Female,15.0,3.5053763440860215,16.77556109725686,Yes
114,Daniel,Jacobs,Missouri,Male,15.0,4.0,26.0,Yes
115,Eugene,Ferguson,Connecticut,Male,16.0,3.0,15.0,No
116,Johnny,Webb,South Carolina,Male,18.0,3.0,16.0,No
117,Lillian,Frazier,Nebraska,Female,15.0,4.0,21.0,Yes
118,Stephanie,Gomez,,Female,17.051779935275082,3.0,31.0,No
119,Linda,Wagner,New York,Female,16.0,3.0,29.0,No
120,Carlos,Oliver,Florida,Male,16.0,2.0,33.0,No
121,Jose,Diaz,,Male,15.0,2.0,12.0,No
122,William,Sanchez,,,15.0,3.0,28.0,No
123,Eugene,Harper,Louisiana,Male,19.0,4.0,14.0,Yes
124,Louis,Lewis,Utah,Male,15.0,4.0,17.0,Yes
125,Janice,Watson,,Female,18.0,3.0,16.77556109725686,Yes
126,Shawn,Grant,Florida,Male,15.0,3.5053763440860215,21.0,Yes
127,Margaret,Johnston,Texas,Female,19.0,2.0,2.0,Yes
128,Laura,Ford,Texas,Female,17.051779935275082,3.0,18.0,No
129,Lillian,Perez,Colorado,Female,16.958874458874458,4.0,19.0,Yes
130,Jose,Morgan,Pennsylvania,Male,19.0,2.0,8.0,No
131,Andrew,Meyer,,,17.0,2.0,16.77556109725686,Yes
132,Joshua,Lynch,Connecticut,Male,18.0,3.5053763440860215,7.0,Yes
133,Sean,Sanders,New York,Male,16.0,2.0,8.0,No
134,Bruce,Williamson,Minnesota,,17.0,3.5053763440860215,16.77556109725686,Yes
135,Harry,Reid,Mississippi,Male,17.051779935275082,3.0,30.0,No
136,Beverly,Wallace,Colorado,Female,19.0,3.0,9.0,No
137,Elizabeth,Ryan,Washington,Female,15.0,3.5053763440860215,3.0,Yes
138,James,Russell,Florida,,19.0,2.0,29.0,No
139,Judith,Warren,,Female,17.0,3.0,31.0,No
140,Jesse,Woods,,Male,16.0,4.0,6.0,Yes
141,Lori,Alvarez,Tennessee,Female,15.0,4.0,25.0,Yes
142,Sara,Collins,Minnesota,Female,18.0,3.0,3.0,Yes
143,Nicholas,Graham,Georgia,Male,18.0,4.0,16.77556109725686,Yes
144,Sara,Armstrong,Georgia,Female,16.0,3.5053763440860215,7.0,Yes
145,Ernest,Harper,Alaska,Male,15.0,4.0,32.0,Yes
146,Willie,Fisher,Ohio,Male,18.0,3.5053763440860215,7.0,Yes
147,Alan,Daniels,Minnesota,Male,17.0,3.0,7.0,No
148,Jason,Moreno,Virginia,Male,16.958874458874458,4.0,16.0,Yes
149,Rose,Brooks,District of Columbia,Female,15.0,4.0,16.77556109725686,Yes
150,Shawn,Green,,Male,18.0,3.5053763440860215,10.0,Yes
151,Fred,Henderson,Nevada,Male,19.0,3.0,20.0,No
152,Evelyn,Watson,New Jersey,,18.0,4.0,12.0,Yes
153,Wanda,Hawkins,Minnesota,Female,16.0,3.5053763440860215,30.0,Yes
154,Clarence,Baker,New York,Male,19.0,2.0,16.77556109725686,Yes
155,Juan,Bradley,Kentucky,,19.0,2.0,14.0,No
156,Anne,Stone,New York,,17.0,2.0,15.0,No
157,Raymond,Davis,New Mexico,Male,16.958874458874458,3.5053763440860215,30.0,Yes
158,Sharon,Fuller,Texas,Female,17.0,2.0,16.77556109725686,Yes
159,Raymond,James,Florida,,15.0,3.0,28.0,No
160,Evelyn,Berry,,,18.0,2.0,25.0,No
161,Brandon,Bryant,Delaware,,16.958874458874458,3.5053763440860215,33.0,Yes
162,Maria,Medina,Missouri,,15.0,3.0,32.0,No
163,Pamela,Phillips,Washington,Female,17.0,3.0,23.0,No
164,Eugene,Weaver,Washington,Male,19.0,2.0,30.0,No
165,Janet,Martin,Kansas,Female,17.0,3.0,2.0,Yes
166,Angela,Marshall,Tennessee,,18.0,3.0,23.0,No
167,Tina,Lopez,Nevada,Female,16.958874458874458,3.0,16.77556109725686,Yes
168,Matthew,Cox,District of Columbia,Male,19.0,2.0,5.0,No
169,Louise,Morales,Alaska,Female,15.0,2.0,16.77556109725686,Yes
170,Annie,Oliver,District of Columbia,Female,18.0,3.5053763440860215,11.0,Yes
171,Gregory,Diaz,Michigan,Male,19.0,2.0,22.0,No
172,Carolyn,Matthews,Connecticut,Female,16.0,2.0,9.0,No
173,Marilyn,Martinez,Florida,,17.0,3.0,23.0,No
174,Carolyn,Daniels,Louisiana,Female,18.0,2.0,33.0,No
175,Larry,Ross,Tennessee,Male,17.0,4.0,16.77556109725686,Yes
176,Brandon,Carpenter,Florida,,15.0,3.5053763440860215,18.0,Yes
177,Andrea,Fox,Texas,Female,16.958874458874458,3.5053763440860215,11.0,Yes
178,Victor,Ferguson,California,Male,18.0,4.0,16.77556109725686,Yes
179,Katherine,Alexander,Florida,Female,17.051779935275082,3.0,28.0,No
180,John,Bailey,Virginia,,17.0,3.5053763440860215,31.0,Yes
181,Eric,Hill,Georgia,Male,15.0,4.0,16.77556109725686,Yes
182,Randy,Jacobs,Florida,Male,18.0,3.0,34.0,No
183,Patricia,Welch,Nevada,,16.958874458874458,3.0,16.77556109725686,Yes
184,Tammy,Flores,,Female,17.051779935275082,3.0,23.0,No
185,Mark,Meyer,South Carolina,Male,17.051779935275082,3.0,8.0,No
186,Brian,Snyder,,Male,18.0,2.0,22.0,No
187,Walter,Brown,District of Columbia,Male,15.0,2.0,16.77556109725686,Yes
188,Patrick,Daniels,Colorado,Male,19.0,3.0,4.0,No
189,Diane,Collins,Louisiana,Female,17.0,4.0,25.0,Yes
190,Irene,Warren,Kansas,Female,17.0,3.0,16.77556109725686,Yes
191,Janet,Gibson,Tennessee,Female,19.0,4.0,16.77556109725686,Yes
192,Eugene,Porter,Kentucky,Male,18.0,3.0,23.0,No
193,Amy,Sullivan,Missouri,Female,19.0,3.0,16.77556109725686,Yes
194,George,Rogers,Michigan,Male,19.0,3.0,15.0,No
195,Cheryl,Simmons,Virginia,Female,16.958874458874458,4.0,17.0,Yes
196,Maria,Torres,,Female,15.0,4.0,6.0,Yes
197,Jonathan,Lewis,District of Columbia,Male,15.0,2.0,16.77556109725686,Yes
198,Jeremy,Dixon,Virginia,Male,15.0,3.5053763440860215,34.0,Yes
199,Raymond,Campbell,Texas,Male,19.0,3.0,24.0,No
200,Heather,Foster,,Female,15.0,4.0,24.0,Yes
201,Gary,Reid,Pennsylvania,Male,16.0,3.5053763440860215,14.0,Yes
202,Peter,Mitchell,District of Columbia,Male,19.0,3.0,15.0,No
203,Jean,Mendoza,Alabama,Female,15.0,4.0,6.0,Yes
204,Diane,Rice,Texas,Female,15.0,3.0,28.0,No
205,Shawn,Hansen,Kansas,Male,16.0,3.0,28.0,No
206,Kathryn,Harris,Texas,Female,16.0,4.0,18.0,Yes
207,Jesse,Little,Georgia,Male,16.0,3.5053763440860215,5.0,Yes
208,Joan,Ward,Ohio,Female,19.0,2.0,16.77556109725686,Yes
209,Frances,Arnold,District of Columbia,Female,17.0,3.5053763440860215,16.77556109725686,Yes
210,Maria,Bowman,Virginia,Female,19.0,4.0,16.77556109725686,Yes
211,Robin,Perry,California,Female,15.0,4.0,2.0,Yes
212,Mary,Oliver,,,18.0,3.5053763440860215,16.0,Yes
213,Catherine,Graham,,Female,17.051779935275082,2.0,6.0,No
214,Bonnie,Harris,Florida,Female,16.958874458874458,3.5053763440860215,8.0,Yes
215,Jeremy,Wood,Nevada,Male,17.051779935275082,2.0,5.0,No
216,Joan,Hamilton,Arizona,Female,15.0,3.5053763440860215,16.77556109725686,Yes
217,Terry,Rogers,Alabama,Male,17.0,4.0,10.0,Yes
218,Kenneth,Chapman,Illinois,Male,16.0,3.0,24.0,No
219,Anne,Diaz,Texas,Female,16.0,2.0,33.0,No
220,Carol,Welch,Texas,,19.0,3.0,33.0,No
221,Paula,Clark,Minnesota,Female,19.0,2.0,33.0,No
222,Gary,Nichols,Florida,Male,17.0,3.5053763440860215,28.0,Yes
223,Jose,Snyder,,Male,18.0,2.0,17.0,No
224,Catherine,Barnes,Pennsylvania,Female,16.958874458874458,3.5053763440860215,16.77556109725686,Yes
225,Jack,Henry,Texas,Male,19.0,2.0,12.0,No
226,Terry,Thomas,Montana,Male,18.0,4.0,14.0,Yes
227,Melissa,Patterson,New York,Female,16.958874458874458,4.0,17.0,Yes
228,Nancy,Bailey,Colorado,Female,15.0,2.0,31.0,No
229,Lisa,Knight,Louisiana,Female,16.958874458874458,4.0,3.0,Yes
230,Jesse,Medina,Washington,Male,17.0,2.0,28.0,No
231,Harry,Holmes,South Carolina,Male,18.0,3.5053763440860215,13.0,Yes
232,Alan,Gonzales,Georgia,Male,16.958874458874458,4.0,4.0,Yes
233,Jerry,Webb,California,Male,18.0,2.0,10.0,No
234,Juan,Ross,Florida,Male,19.0,2.0,16.77556109725686,Yes
235,Amy,Gomez,New York,Female,19.0,3.5053763440860215,12.0,Yes
236,Patrick,Willis,Illinois,Male,17.0,3.5053763440860215,30.0,Yes
237,Carlos,Wallace,South Carolina,Male,16.958874458874458,3.5053763440860215,33.0,Yes
238,Brenda,Marshall,Idaho,Female,17.051779935275082,3.0,4.0,No
239,Gloria,Brooks,Texas,,16.0,4.0,34.0,Yes
240,Christopher,Morgan,Texas,Male,15.0,3.0,34.0,No
241,Angela,Wagner,Texas,Female,16.0,2.0,11.0,No
242,Andrew,Lopez,Connecticut,Male,16.958874458874458,3.5053763440860215,16.77556109725686,Yes
243,Matthew,Greene,Nevada,Male,17.051779935275082,2.0,5.0,No
244,Earl,Lawson,Massachusetts,Male,15.0,3.0,26.0,No
245,William,Matthews,,,15.0,2.0,20.0,No
246,Victor,Palmer,Idaho,,15.0,3.0,16.77556109725686,Yes
247,Phillip,Gonzalez,District of Columbia,Male,15.0,3.5053763440860215,16.77556109725686,Yes
248,Diana,Jacobs,Florida,Female,18.0,2.0,24.0,No
249,Jerry,Sanders,Georgia,Male,19.0,3.0,6.0,No
250,Lisa,Owens,West Virginia,Female,16.0,3.0,17.0,No
251,Philip,Stone,California,Male,16.958874458874458,4.0,16.77556109725686,Yes
252,Frank,Vasquez,California,Male,15.0,4.0,16.77556109725686,Yes
253,Eugene,Scott,Florida,Male,17.051779935275082,2.0,17.0,No
254,Kathy,Lopez,Florida,Female,18.0,3.0,24.0,No
255,Justin,Wheeler,California,Male,15.0,4.0,23.0,Yes
256,Tina,Schmidt,North Carolina,Female,15.0,3.0,12.0,No
257,Ronald,Thomas,Florida,Male,15.0,2.0,20.0,No
258,Michelle,Bradley,District of Columbia,Female,16.0,3.5053763440860215,32.0,Yes
259,Andrea,Warren,Florida,Female,18.0,3.5053763440860215,33.0,Yes
260,Richard,Romero,Michigan,Male,17.051779935275082,2.0,28.0,No
261,Amanda,Reyes,Texas,,17.0,4.0,33.0,Yes
262,Richard,Collins,Kentucky,Male,18.0,2.0,16.77556109725686,Yes
263,Kenneth,Olson,Illinois,Male,19.0,3.5053763440860215,16.77556109725686,Yes
264,Adam,Perry,Georgia,Male,17.051779935275082,2.0,34.0,No
265,Carl,Montgomery,,Male,16.958874458874458,4.0,29.0,Yes
266,Harold,Powell,Texas,Male,15.0,2.0,12.0,No
267,Donald,Little,Kentucky,,16.0,2.0,33.0,No
268,Amy,Schmidt,California,Female,16.0,3.5053763440860215,3.0,Yes
269,Patricia,Hawkins,California,,16.0,3.5053763440860215,16.77556109725686,Yes
270,Raymond,Hill,District of Columbia,Male,17.051779935275082,3.0,29.0,No
271,Laura,Watson,Louisiana,Female,19.0,3.5053763440860215,13.0,Yes
272,Nicholas,Morgan,Minnesota,Male,18.0,3.5053763440860215,16.77556109725686,Yes
273,Anthony,Franklin,Illinois,Male,17.051779935275082,2.0,9.0,No
274,Raymond,Shaw,Oregon,Male,19.0,2.0,16.77556109725686,Yes
275,Denise,Garza,North Carolina,Female,15.0,3.5053763440860215,30.0,Yes
276,Bobby,Butler,District of Columbia,Male,16.958874458874458,3.5053763440860215,14.0,Yes
277,Dennis,Baker,Ohio,Male,16.958874458874458,3.5053763440860215,3.0,Yes
278,Brenda,Butler,Virginia,Female,16.0,3.0,9.0,No
279,Melissa,Morales,District of Columbia,,19.0,3.5053763440860215,30.0,Yes
280,Amy,Franklin,Florida,,18.0,3.0,32.0,No
281,Juan,Hunt,California,Male,18.0,3.5053763440860215,8.0,Yes
282,Brian,Gibson,California,Male,19.0,4.0,17.0,Yes
283,Kathy,Duncan,Florida,Female,15.0,3.0,22.0,No
284,Steve,Montgomery,Texas,,15.0,3.0,27.0,No
285,Amy,King,Indiana,Female,15.0,3.0,18.0,No
286,Christine,Freeman,Georgia,Female,17.051779935275082,3.0,17.0,No
287,Sean,Stephens,California,,18.0,2.0,8.0,No
288,Pamela,Hill,,Female,17.051779935275082,2.0,25.0,No
289,Patrick,Gonzalez,Arizona,Male,17.051779935275082,2.0,31.0,No
290,Matthew,Sullivan,Texas,Male,16.0,2.0,16.77556109725686,Yes
291,Joseph,Kelley,,,16.958874458874458,3.0,16.77556109725686,Yes
292,Anthony,Roberts,Colorado,Male,17.0,2.0,16.77556109725686,Yes
293,Andrew,Marshall,Louisiana,Male,17.0,4.0,32.0,Yes
294,Pamela,Armstrong,Washington,,17.0,3.0,11.0,No
295,Julia,Carr,Texas,Female,17.0,4.0,16.77556109725686,Yes
296,Ernest,Day,Florida,,15.0,3.0,17.0,No
297,Marie,Ford,Florida,Female,16.958874458874458,3.0,16.77556109725686,Yes
298,Clarence,Medina,District of Columbia,Male,18.0,4.0,16.77556109725686,Yes
299,Maria,King,California,Female,17.051779935275082,2.0,8.0,No
300,Evelyn,Robertson,Florida,Female,15.0,3.5053763440860215,2.0,Yes
301,Mark,Frazier,Kentucky,Male,16.958874458874458,2.0,3.0,Yes
302,Lillian,Knight,Colorado,Female,15.0,3.0,27.0,No
303,George,Arnold,Florida,Male,17.0,3.0,32.0,No
304,Frances,Parker,Indiana,Female,17.051779935275082,3.0,34.0,No
305,David,Thompson,Texas,Male,17.0,4.0,4.0,Yes
306,Wayne,Diaz,Virginia,,17.0,4.0,7.0,Yes
307,Lawrence,Bradley,West Virginia,,19.0,4.0,25.0,Yes
308,Patricia,Hayes,Florida,Female,19.0,2.0,25.0,No
309,Helen,Jordan,South Carolina,Female,18.0,3.0,16.77556109725686,Yes
310,Stephanie,Moreno,Louisiana,Female,19.0,4.0,16.77556109725686,Yes
311,Emily,Edwards,New York,Female,17.051779935275082,2.0,13.0,No
312,Virginia,Howard,New York,,19.0,3.0,15.0,No
313,Anthony,Hart,Indiana,Male,18.0,4.0,16.77556109725686,Yes
314,Jacqueline,Gomez,,,16.0,3.5053763440860215,33.0,Yes
315,Gloria,Hunter,California,,16.958874458874458,2.0,3.0,Yes
316,Timothy,Gardner,,Male,18.0,4.0,18.0,Yes
317,Gregory,Hunt,California,Male,16.958874458874458,4.0,10.0,Yes
318,Cynthia,Brown,Arizona,Female,16.958874458874458,3.5053763440860215,30.0,Yes
319,Nicholas,Campbell,North Carolina,Male,16.0,4.0,16.77556109725686,Yes
320,Steve,Garcia,Vermont,Male,17.0,3.0,16.77556109725686,Yes
321,Catherine,Hanson,Virginia,,18.0,4.0,29.0,Yes
322,Jennifer,Gonzales,New York,Female,17.0,3.0,23.0,No
323,Judy,Reyes,New York,Female,16.0,3.0,29.0,No
324,Scott,Stone,Minnesota,Male,16.0,3.0,5.0,No
325,Ryan,Reed,Texas,Male,18.0,2.0,8.0,No
326,Randy,Mason,Virginia,Male,16.958874458874458,4.0,31.0,Yes
327,Victor,Day,North Carolina,,16.0,3.5053763440860215,4.0,Yes
328,Karen,Vasquez,Delaware,Female,15.0,4.0,23.0,Yes
329,Gary,Medina,Michigan,,15.0,3.0,16.77556109725686,Yes
330,Donna,Torres,New York,Female,17.0,3.5053763440860215,16.77556109725686,Yes
331,Doris,Scott,,,15.0,3.0,34.0,No
332,Donna,Hunter,,Female,17.051779935275082,3.0,32.0,No
333,Linda,Harvey,Alabama,Female,17.051779935275082,2.0,16.0,No
334,Patricia,Chapman,Ohio,,17.051779935275082,2.0,23.0,No
335,Kimberly,Reynolds,Georgia,Female,15.0,4.0,14.0,Yes
336,Annie,Morgan,Texas,Female,16.0,2.0,16.77556109725686,Yes
337,Jerry,Hanson,,Male,15.0,4.0,9.0,Yes
338,Jeffrey,Peterson,New Mexico,,19.0,2.0,5.0,No
339,Anthony,Daniels,Tennessee,Male,16.0,2.0,8.0,No
340,Anna,Day,Oklahoma,Female,18.0,2.0,31.0,No
341,Debra,Arnold,Florida,Female,17.0,3.5053763440860215,25.0,Yes
342,Judith,Cunningham,California,Female,15.0,4.0,25.0,Yes
343,Deborah,Reynolds,Virginia,,18.0,4.0,22.0,Yes
344,Theresa,Garza,,Female,15.0,3.5053763440860215,16.77556109725686,Yes
345,Angela,Sanchez,Nevada,Female,19.0,4.0,27.0,Yes
346,Timothy,George,Wisconsin,Male,17.051779935275082,3.0,19.0,No
347,Angela,Jordan,North Carolina,Female,15.0,3.5053763440860215,23.0,Yes
348,Paula,Hunter,,Female,16.958874458874458,4.0,5.0,Yes
349,Harold,Evans,Colorado,Male,17.051779935275082,2.0,34.0,No
350,Sara,Burke,Kentucky,Female,19.0,3.0,27.0,No
351,Nancy,Bryant,New York,,18.0,4.0,19.0,Yes
352,Anna,Stephens,,Female,16.0,4.0,16.77556109725686,Yes
353,Joyce,Bryant,California,Female,19.0,3.0,30.0,No
354,Joyce,Baker,West Virginia,Female,17.0,2.0,28.0,No
355,Gary,Fernandez,Maryland,Male,16.0,3.0,31.0,No
356,Terry,Anderson,Washington,Male,18.0,4.0,6.0,Yes
357,Carlos,Murphy,Oklahoma,Male,17.0,2.0,7.0,No
358,Christina,Cox,Missouri,Female,18.0,2.0,22.0,No
359,Bonnie,Morrison,,,17.051779935275082,3.0,23.0,No
360,Steven,Hansen,Wisconsin,Male,18.0,3.5053763440860215,16.77556109725686,Yes
361,Sara,Perry,North Carolina,Female,17.051779935275082,3.0,17.0,No
362,Marie,Rice,Washington,Female,18.0,4.0,16.77556109725686,Yes
363,Christopher,Torres,Pennsylvania,Male,18.0,4.0,25.0,Yes
364,Richard,Martin,,,17.0,3.5053763440860215,27.0,Yes
365,Todd,Hernandez,,,17.0,3.5053763440860215,2.0,Yes
366,Mary,Patterson,District of Columbia,,17.0,4.0,13.0,Yes
367,Ann,Davis,California,,16.0,2.0,16.77556109725686,Yes
368,David,Lynch,Arizona,Male,15.0,3.5053763440860215,13.0,Yes
369,Lisa,Stevens,Alabama,,16.0,3.5053763440860215,2.0,Yes
370,Beverly,Wells,,Female,17.051779935275082,3.0,30.0,No
371,Larry,Harper,,Male,17.0,4.0,4.0,Yes
372,Dennis,Fields,Ohio,Male,16.0,3.0,34.0,No
373,Jessica,Jones,South Carolina,Female,17.0,2.0,3.0,Yes
374,Juan,Hernandez,Arizona,,16.0,3.0,16.77556109725686,Yes
375,Antonio,Hart,California,Male,18.0,4.0,16.77556109725686,Yes
376,Janice,Ellis,New Jersey,,18.0,3.0,16.77556109725686,Yes
377,Kimberly,Morgan,New York,Female,18.0,2.0,32.0,No
378,Betty,Robertson,Texas,Female,19.0,3.0,29.0,No
379,Mildred,Morgan,Oklahoma,Female,17.051779935275082,2.0,17.0,No
380,Wanda,Edwards,District of Columbia,Female,15.0,3.5053763440860215,16.77556109725686,Yes
381,Shawn,Little,Pennsylvania,Male,19.0,3.0,10.0,No
382,Louis,Nelson,New Mexico,Male,17.0,4.0,14.0,Yes
383,Teresa,Roberts,Illinois,Female,16.0,3.5053763440860215,30.0,Yes
384,Judith,Ross,Oklahoma,Female,15.0,3.5053763440860215,6.0,Yes
385,Clarence,Nguyen,California,Male,17.0,3.5053763440860215,8.0,Yes
386,Lois,Collins,,Female,16.958874458874458,3.0,16.77556109725686,Yes
387,Aaron,Bishop,California,Male,17.0,4.0,12.0,Yes
388,James,Fields,Virginia,Male,19.0,2.0,16.77556109725686,Yes
389,Raymond,Myers,Washington,Male,17.051779935275082,2.0,25.0,No
390,Brandon,Ferguson,Texas,Male,17.0,2.0,23.0,No
391,Russell,Cook,New York,Male,16.958874458874458,2.0,16.77556109725686,Yes
392,Kathleen,Burton,Missouri,,17.0,3.5053763440860215,16.77556109725686,Yes
393,Willie,Shaw,Texas,Male,16.0,2.0,16.77556109725686,Yes
394,Philip,Nichols,District of Columbia,Male,19.0,3.5053763440860215,34.0,Yes
395,Steve,Perkins,South Carolina,Male,17.051779935275082,2.0,30.0,No
396,Michael,Romero,Kansas,Male,19.0,3.0,12.0,No
397,Roy,Garcia,Michigan,Male,15.0,3.5053763440860215,34.0,Yes
398,Tammy,Fields,Tennessee,,18.0,4.0,29.0,Yes
399,Sean,Shaw,,Male,18.0,2.0,24.0,No
400,David,Ramirez,California,Male,17.0,2.0,16.77556109725686,Yes
401,Richard,Alvarez,Pennsylvania,Male,16.0,4.0,19.0,Yes
402,Jeffrey,Miller,Oregon,,19.0,4.0,29.0,Yes
403,Edward,Gray,Texas,,18.0,2.0,30.0,No
404,Jack,Bell,New York,Male,17.0,2.0,19.0,No
405,Joseph,Mitchell,Colorado,,17.0,3.0,8.0,No
406,Phyllis,Bradley,Florida,,15.0,3.0,21.0,No
407,Lori,Stewart,Texas,Female,16.0,2.0,26.0,No
408,Julie,Richardson,Georgia,Female,19.0,3.5053763440860215,6.0,Yes
409,Cynthia,Stanley,South Carolina,Female,15.0,4.0,17.0,Yes
410,Kenneth,Johnston,Massachusetts,Male,19.0,4.0,11.0,Yes
411,Chris,Sims,California,Male,17.051779935275082,2.0,10.0,No
412,Brian,Hanson,Massachusetts,Male,17.0,2.0,26.0,No
413,Matthew,Ward,New York,Male,15.0,2.0,29.0,No
414,Carl,Mason,Indiana,,19.0,3.5053763440860215,18.0,Yes
415,Richard,Wells,Texas,,16.958874458874458,2.0,16.77556109725686,Yes
416,Sandra,Daniels,Nebraska,Female,18.0,3.0,16.77556109725686,Yes
417,Cheryl,Banks,Texas,,19.0,3.5053763440860215,6.0,Yes
418,Frances,Marshall,Texas,Female,19.0,3.5053763440860215,30.0,Yes
419,Gerald,Stevens,Florida,Male,19.0,4.0,16.77556109725686,Yes
420,Sean,Perez,California,Male,15.0,4.0,29.0,Yes
421,Robert,Flores,,Male,18.0,3.5053763440860215,17.0,Yes
422,Daniel,Lee,,Male,16.0,4.0,7.0,Yes
423,Marie,Perry,,,17.0,3.0,13.0,No
424,Cheryl,Cruz,Nebraska,Female,18.0,2.0,16.0,No
425,Julia,Bishop,Ohio,,19.0,3.5053763440860215,30.0,Yes
426,Earl,Bradley,South Carolina,,19.0,2.0,10.0,No
427,Timothy,Watkins,Nevada,Male,16.0,4.0,4.0,Yes
428,James,Olson,Louisiana,,15.0,2.0,16.77556109725686,Yes
429,Gregory,Ramos,,Male,16.0,3.0,16.77556109725686,Yes
430,Terry,Reynolds,South Carolina,,19.0,2.0,33.0,No
431,Terry,Murphy,Wisconsin,Male,18.0,3.5053763440860215,20.0,Yes
432,Mark,Cook,New Jersey,Male,15.0,3.0,28.0,No
433,Wanda,Weaver,New Jersey,Female,18.0,4.0,22.0,Yes
434,Denise,Stewart,Montana,Female,17.0,2.0,23.0,No
435,Todd,Gutierrez,Illinois,Male,16.0,2.0,14.0,No
436,Debra,Fernandez,New York,Female,16.0,3.5053763440860215,30.0,Yes
437,Lawrence,Flores,District of Columbia,Male,16.0,3.0,6.0,No
438,Juan,Duncan,Kentucky,Male,16.958874458874458,4.0,10.0,Yes
439,Marie,Stewart,Missouri,Female,19.0,2.0,12.0,No
440,Frances,Harvey,Massachusetts,Female,15.0,2.0,12.0,No
441,Willie,Owens,Washington,Male,16.0,4.0,3.0,Yes
442,Katherine,Fields,,Female,17.0,4.0,34.0,Yes
443,Donald,Jackson,Texas,Male,15.0,3.0,18.0,No
444,Daniel,Young,Pennsylvania,Male,16.0,4.0,2.0,Yes
445,Paula,Weaver,California,Female,17.051779935275082,2.0,7.0,No
446,Robert,Brooks,Texas,Male,15.0,3.5053763440860215,7.0,Yes
447,Norma,Moore,North Carolina,Female,15.0,3.0,25.0,No
448,Catherine,Meyer,Indiana,Female,16.0,3.0,34.0,No
449,Melissa,Miller,Nevada,Female,18.0,3.0,25.0,No
450,Amanda,Grant,Oklahoma,Female,15.0,3.0,33.0,No
451,Walter,Meyer,,Male,16.0,3.5053763440860215,13.0,Yes
452,Michelle,Stone,Wisconsin,,17.051779935275082,2.0,23.0,No
453,Ashley,Martin,New York,Female,16.0,3.5053763440860215,32.0,Yes
454,Paula,Myers,Massachusetts,Female,18.0,3.0,22.0,No
455,Charles,Mitchell,,Male,19.0,3.0,24.0,No
456,Julia,Jacobs,,Female,19.0,4.0,32.0,Yes
457,Judith,Elliott,North Carolina,Female,16.0,4.0,20.0,Yes
458,Steven,Baker,Florida,Male,17.051779935275082,2.0,17.0,No
459,Gregory,Griffin,South Dakota,Male,17.0,3.0,9.0,No
460,Judith,Wright,Florida,,18.0,3.5053763440860215,16.77556109725686,Yes
461,Donald,Banks,Pennsylvania,Male,19.0,3.0,22.0,No
462,Lawrence,Lee,Florida,Male,16.958874458874458,3.5053763440860215,7.0,Yes
463,Kimberly,Morgan,Illinois,,16.0,3.5053763440860215,8.0,Yes
464,Patrick,Fields,Indiana,,15.0,3.5053763440860215,12.0,Yes
465,Aaron,Murphy,Florida,Male,18.0,3.0,12.0,No
466,Nancy,Adams,Missouri,Female,17.0,3.0,16.77556109725686,Yes
467,Virginia,Brown,Florida,Female,15.0,3.5053763440860215,16.77556109725686,Yes
468,Mary,Bradley,California,,19.0,4.0,16.77556109725686,Yes
469,Wanda,Greene,North Carolina,Female,17.051779935275082,3.0,15.0,No
470,Judith,Campbell,California,Female,16.0,3.0,34.0,No
471,Dorothy,Turner,Kentucky,,18.0,3.0,14.0,No
472,Judy,Phillips,Florida,Female,19.0,4.0,16.77556109725686,Yes
473,Pamela,Kennedy,Indiana,Female,16.0,3.5053763440860215,16.77556109725686,Yes
474,Brandon,Mendoza,Kentucky,Male,15.0,3.0,31.0,No
475,Aaron,Mitchell,Arizona,Male,18.0,3.0,24.0,No
476,Jeremy,Stephens,California,,19.0,3.0,19.0,No
477,Mary,Miller,Nebraska,Female,15.0,3.0,16.77556109725686,Yes
478,Paul,Gibson,Alabama,Male,16.958874458874458,3.0,16.77556109725686,Yes
479,Frank,Gonzalez,Florida,Male,18.0,2.0,16.0,No
480,Pamela,Grant,Ohio,Female,18.0,3.5053763440860215,16.77556109725686,Yes
481,Anne,Dean,Virginia,Female,17.051779935275082,2.0,12.0,No
482,Joyce,Armstrong,West Virginia,Female,16.958874458874458,3.5053763440860215,16.77556109725686,Yes
483,Wayne,Palmer,California,Male,17.051779935275082,3.0,17.0,No
484,Amanda,Ross,California,Female,16.0,4.0,21.0,Yes
485,Andrew,Day,Alabama,,16.958874458874458,3.5053763440860215,30.0,Yes
486,Amanda,Crawford,Vermont,Female,19.0,4.0,32.0,Yes
487,Matthew,Knight,Maryland,Male,18.0,4.0,6.0,Yes
488,Marie,Hawkins,North Carolina,Female,16.0,3.5053763440860215,13.0,Yes
489,Deborah,Hill,Indiana,Female,16.0,3.0,29.0,No
490,Cheryl,Russell,Nebraska,,19.0,3.0,25.0,No
491,Martin,Black,Texas,,15.0,3.0,11.0,No
492,Theresa,Martin,California,,17.051779935275082,3.0,16.0,No
493,Joyce,Peterson,West Virginia,Female,17.051779935275082,3.0,10.0,No
494,Frances,Cruz,Virginia,Female,16.0,4.0,9.0,Yes
495,Rebecca,Carter,Florida,Female,16.958874458874458,3.5053763440860215,32.0,Yes
496,Juan,Robertson,Ohio,Male,16.958874458874458,4.0,5.0,Yes
497,Kathryn,Jackson,,Female,16.0,3.5053763440860215,3.0,Yes
498,Mary,Young,Pennsylvania,Female,15.0,3.5053763440860215,30.0,Yes
499,Benjamin,Gibson,California,,17.051779935275082,3.0,9.0,No
500,Diane,Ellis,Colorado,Female,16.958874458874458,4.0,16.77556109725686,Yes
501,Susan,Lewis,Texas,Female,17.051779935275082,2.0,8.0,No
502,Frank,Jacobs,Washington,Male,15.0,2.0,23.0,No
503,Doris,Ortiz,Washington,Female,17.0,4.0,19.0,Yes
504,Ashley,Sims,Massachusetts,Female,18.0,4.0,18.0,Yes
505,David,Ross,Kentucky,Male,15.0,4.0,16.77556109725686,Yes
506,Christina,Schmidt,Texas,,19.0,3.5053763440860215,13.0,Yes
507,Scott,Johnson,Florida,Male,17.0,4.0,12.0,Yes
508,Jerry,Fox,Illinois,,19.0,2.0,14.0,No
509,Ryan,Woods,Texas,Male,17.0,3.0,18.0,No
510,Nancy,Palmer,New Jersey,Female,16.958874458874458,3.5053763440860215,26.0,Yes
511,Robert,Gomez,Texas,,17.051779935275082,3.0,6.0,No
512,Robin,Bailey,Illinois,Female,17.0,2.0,18.0,No
513,Kevin,Mitchell,Mississippi,Male,18.0,4.0,16.77556109725686,Yes
514,Jose,Gordon,Louisiana,Male,17.051779935275082,3.0,15.0,No
515,Catherine,Bradley,Arizona,Female,17.0,2.0,15.0,No
516,Helen,Robertson,Colorado,Female,18.0,2.0,15.0,No
517,Roy,Mccoy,Missouri,Male,15.0,3.0,16.77556109725686,Yes
518,Jimmy,Hicks,Minnesota,,18.0,3.0,2.0,Yes
519,Justin,Gibson,Illinois,Male,18.0,2.0,29.0,No
520,Virginia,Reed,Wisconsin,,18.0,3.5053763440860215,30.0,Yes
521,Doris,Collins,Ohio,,19.0,3.5053763440860215,26.0,Yes
522,Larry,Fernandez,Colorado,Male,16.958874458874458,4.0,16.77556109725686,Yes
523,Andrew,Ross,Tennessee,Male,16.958874458874458,3.5053763440860215,21.0,Yes
524,Patrick,Harvey,Minnesota,Male,15.0,3.5053763440860215,27.0,Yes
525,Kelly,Franklin,,,16.0,4.0,34.0,Yes
526,Terry,Armstrong,Missouri,Male,18.0,2.0,12.0,No
527,Louis,Martin,District of Columbia,,18.0,3.5053763440860215,16.0,Yes
528,Beverly,Medina,District of Columbia,Female,16.0,4.0,28.0,Yes
529,Carl,Rodriguez,Arizona,,15.0,2.0,20.0,No
530,Stephen,Stanley,New York,Male,15.0,3.5053763440860215,10.0,Yes
531,Ernest,Nguyen,Texas,Male,15.0,4.0,10.0,Yes
532,Emily,Hamilton,Ohio,,16.0,4.0,25.0,Yes
533,Henry,Daniels,Massachusetts,,18.0,4.0,16.0,Yes
534,Teresa,Grant,Virginia,,16.0,3.0,16.0,No
535,Alice,Martinez,Missouri,Female,19.0,2.0,27.0,No
536,Alan,Campbell,,Male,17.0,2.0,3.0,Yes
537,Henry,Murphy,California,,15.0,2.0,26.0,No
538,Sean,Dean,New Jersey,Male,16.958874458874458,4.0,6.0,Yes
539,Janice,Gilbert,Texas,Female,15.0,2.0,16.77556109725686,Yes
540,Alice,Snyder,Arkansas,Female,15.0,3.0,2.0,Yes
541,Debra,Meyer,Alabama,Female,16.958874458874458,2.0,16.77556109725686,Yes
542,Cynthia,Stewart,Missouri,Female,15.0,2.0,7.0,No
543,Phillip,Olson,Tennessee,Male,17.051779935275082,3.0,19.0,No
544,Thomas,Mcdonald,Texas,,17.0,4.0,8.0,Yes
545,David,Hart,Indiana,,17.0,3.0,16.77556109725686,Yes
546,Walter,Lawson,District of Columbia,Male,17.0,2.0,28.0,No
547,Pamela,Stewart,Texas,Female,19.0,2.0,8.0,No
548,Linda,Montgomery,Georgia,Female,15.0,2.0,27.0,No
549,Jesse,Henry,Michigan,Male,17.0,3.5053763440860215,16.77556109725686,Yes
550,James,Richards,New Mexico,Male,15.0,3.5053763440860215,14.0,Yes
551,Ryan,Johnston,Florida,Male,16.958874458874458,4.0,22.0,Yes
552,Kathleen,Ford,Florida,,18.0,4.0,17.0,Yes
553,Samuel,Young,Delaware,Male,19.0,3.0,25.0,No
554,Albert,Perez,Virginia,Male,19.0,3.5053763440860215,6.0,Yes
555,Teresa,Gomez,California,Female,15.0,4.0,19.0,Yes
556,Johnny,Allen,,Male,15.0,3.5053763440860215,21.0,Yes
557,Louise,James,Kentucky,,16.0,3.5053763440860215,25.0,Yes
558,Victor,Robinson,Arizona,,19.0,2.0,33.0,No
559,Joshua,Hart,Tennessee,Male,18.0,4.0,21.0,Yes
560,Arthur,Ryan,California,Male,18.0,3.5053763440860215,22.0,Yes
561,Michelle,Kim,Indiana,Female,17.051779935275082,3.0,15.0,No
562,Lawrence,Thompson,North Carolina,Male,16.0,3.5053763440860215,4.0,Yes
563,Roy,Stevens,Oklahoma,Male,15.0,2.0,16.77556109725686,Yes
564,Keith,Warren,Ohio,Male,17.051779935275082,3.0,15.0,No
565,Shawn,Torres,,,19.0,4.0,16.77556109725686,Yes
566,Jesse,Ortiz,Tennessee,Male,16.958874458874458,4.0,21.0,Yes
567,Raymond,Miller,Ohio,Male,17.051779935275082,2.0,18.0,No
568,Daniel,Fields,Kentucky,Male,17.0,3.0,23.0,No
569,Helen,Day,Massachusetts,Female,15.0,2.0,17.0,No
570,Bonnie,Jackson,California,Female,19.0,3.5053763440860215,28.0,Yes
571,Betty,Anderson,Alabama,Female,17.0,3.5053763440860215,29.0,Yes
572,Dennis,Ortiz,Iowa,Male,16.0,3.5053763440860215,22.0,Yes
573,Larry,Graham,Virginia,Male,18.0,3.0,16.77556109725686,Yes
574,Russell,Bell,Oklahoma,Male,18.0,3.0,11.0,No
575,Elizabeth,Hill,Oregon,Female,17.0,3.5053763440860215,7.0,Yes
576,Lori,Gordon,Texas,,17.051779935275082,2.0,28.0,No
577,Michelle,Moore,,Female,16.0,3.5053763440860215,30.0,Yes
578,Beverly,Gordon,Texas,Female,17.0,3.0,15.0,No
579,Kathryn,Brooks,Tennessee,,18.0,2.0,9.0,No
580,Heather,Hawkins,District of Columbia,Female,16.0,3.5053763440860215,21.0,Yes
581,Anna,Pierce,Indiana,,17.0,3.5053763440860215,18.0,Yes
582,Lois,Adams,Kentucky,Female,19.0,3.0,24.0,No
583,Ronald,Collins,Florida,Male,19.0,3.0,26.0,No
584,Bruce,Perez,Texas,Male,15.0,2.0,16.77556109725686,Yes
585,Robert,Patterson,Utah,,16.0,3.5053763440860215,34.0,Yes
586,Lisa,Medina,Florida,,15.0,2.0,4.0,No
587,Judith,Reed,Florida,Female,16.958874458874458,4.0,4.0,Yes
588,Carol,Hernandez,Minnesota,Female,19.0,3.5053763440860215,27.0,Yes
589,Timothy,Davis,Hawaii,Male,19.0,2.0,32.0,No
590,Mark,Nguyen,Arkansas,Male,16.958874458874458,2.0,16.77556109725686,Yes
591,Arthur,Miller,Louisiana,Male,16.958874458874458,3.5053763440860215,26.0,Yes
592,Bruce,Foster,,Male,19.0,4.0,13.0,Yes
593,Walter,Garcia,California,Male,15.0,2.0,28.0,No
594,Cheryl,Rice,Pennsylvania,Female,16.0,2.0,4.0,No
595,Earl,Bennett,Texas,Male,16.958874458874458,3.5053763440860215,16.77556109725686,Yes
596,Carlos,Gray,Virginia,Male,16.958874458874458,4.0,16.77556109725686,Yes
597,Janet,Franklin,Florida,,16.958874458874458,3.0,16.77556109725686,Yes
598,Doris,Murray,,Female,17.0,4.0,3.0,Yes
599,Amy,Powell,,Female,15.0,2.0,31.0,No
600,Pamela,Boyd,Pennsylvania,Female,15.0,4.0,10.0,Yes
601,Sarah,Butler,Ohio,Female,17.051779935275082,3.0,27.0,No
602,Peter,Martin,Washington,Male,19.0,3.0,30.0,No
603,Jean,Washington,,Female,15.0,2.0,19.0,No
604,James,Lane,Arizona,,15.0,3.5053763440860215,30.0,Yes
605,Theresa,Simpson,District of Columbia,,18.0,2.0,16.77556109725686,Yes
606,Elizabeth,Miller,Colorado,Female,16.0,3.0,16.77556109725686,Yes
607,Carlos,Freeman,California,,19.0,3.0,22.0,No
608,Rachel,Barnes,Alabama,Female,19.0,3.5053763440860215,26.0,Yes
609,Thomas,Ross,Florida,Male,17.051779935275082,2.0,26.0,No
610,Dorothy,Boyd,Washington,Female,15.0,2.0,6.0,No
611,Karen,Torres,Florida,,17.0,4.0,27.0,Yes
612,Nancy,Duncan,California,Female,19.0,3.0,13.0,No
613,Jeremy,Rose,California,Male,17.0,2.0,16.77556109725686,Yes
614,Johnny,Berry,Texas,Male,15.0,2.0,16.77556109725686,Yes
615,Shawn,George,District of Columbia,Male,15.0,3.5053763440860215,6.0,Yes
616,Bobby,Hill,Florida,Male,16.958874458874458,4.0,27.0,Yes
617,Debra,Robinson,Oregon,Female,17.0,4.0,30.0,Yes
618,Fred,Sanchez,Michigan,Male,16.958874458874458,3.0,3.0,Yes
619,Johnny,Wood,,Male,18.0,4.0,16.77556109725686,Yes
620,Richard,Murray,Indiana,Male,17.0,4.0,7.0,Yes
621,Antonio,Crawford,West Virginia,,19.0,3.5053763440860215,30.0,Yes
622,Catherine,Ross,Maine,Female,18.0,2.0,30.0,No
623,Larry,Wagner,New Jersey,Male,15.0,4.0,3.0,Yes
624,Adam,Fernandez,,Male,16.0,3.0,29.0,No
625,Anne,Kelley,Ohio,Female,16.0,2.0,33.0,No
626,Nicholas,Washington,Indiana,Male,18.0,4.0,22.0,Yes
627,Christina,Roberts,California,Female,17.0,2.0,4.0,No
628,Diana,Ryan,Texas,Female,15.0,2.0,14.0,No
629,Antonio,King,Michigan,Male,17.0,3.5053763440860215,16.77556109725686,Yes
630,Linda,Matthews,Wisconsin,Female,16.958874458874458,4.0,2.0,Yes
631,Rachel,Collins,Texas,,19.0,4.0,16.77556109725686,Yes
632,Bruce,Bell,Texas,Male,18.0,4.0,5.0,Yes
633,Amanda,Fisher,Indiana,Female,16.958874458874458,3.5053763440860215,28.0,Yes
634,Melissa,Cole,Texas,,18.0,3.0,25.0,No
635,Lois,Hayes,Wisconsin,Female,16.958874458874458,4.0,28.0,Yes
636,Jennifer,Lopez,,Female,16.0,4.0,16.0,Yes
637,Robin,Grant,Alabama,,16.958874458874458,2.0,3.0,Yes
638,Katherine,Bishop,Oregon,Female,19.0,3.5053763440860215,10.0,Yes
639,Kathleen,Ramos,California,Female,17.051779935275082,2.0,13.0,No
640,Arthur,Sanchez,Georgia,,16.0,4.0,16.77556109725686,Yes
641,Ann,Perkins,New Hampshire,,17.0,3.0,9.0,No
642,Brandon,King,Michigan,,17.051779935275082,2.0,6.0,No
643,Nicole,Ortiz,Illinois,Female,18.0,2.0,16.77556109725686,Yes
644,Sean,Nguyen,Texas,,19.0,3.5053763440860215,24.0,Yes
645,Gloria,Wheeler,Texas,Female,17.051779935275082,2.0,5.0,No
646,Phillip,Reid,,,15.0,4.0,11.0,Yes
647,Billy,Morrison,Minnesota,Male,19.0,3.5053763440860215,16.77556109725686,Yes
648,Betty,Mcdonald,Ohio,Female,17.0,2.0,33.0,No
649,Shirley,Ortiz,,Female,18.0,2.0,16.77556109725686,Yes
650,Karen,Simmons,California,Female,18.0,3.5053763440860215,7.0,Yes
651,Antonio,Taylor,District of Columbia,Male,17.0,4.0,29.0,Yes
652,Janice,Clark,West Virginia,Female,16.958874458874458,2.0,16.77556109725686,Yes
653,Stephen,Simpson,New Jersey,,16.0,2.0,3.0,Yes
654,Kathleen,Brown,,Female,16.0,2.0,9.0,No
655,Phillip,Morales,Illinois,Male,18.0,2.0,6.0,No
656,Joe,Watson,,Male,17.051779935275082,3.0,16.0,No
657,Melissa,Harrison,Texas,Female,16.958874458874458,4.0,24.0,Yes
658,Carlos,Carpenter,California,Male,18.0,3.0,4.0,No
659,Theresa,Matthews,Hawaii,Female,16.958874458874458,4.0,18.0,Yes
660,Sarah,Crawford,Virginia,,19.0,3.5053763440860215,34.0,Yes
661,Christina,Grant,Florida,Female,16.958874458874458,3.5053763440860215,12.0,Yes
662,Carol,Powell,Illinois,Female,16.958874458874458,4.0,31.0,Yes
663,Eugene,Lewis,Missouri,Male,16.0,3.0,19.0,No
664,Chris,Hunt,Pennsylvania,Male,16.958874458874458,4.0,23.0,Yes
665,Mildred,Ross,West Virginia,,18.0,3.5053763440860215,24.0,Yes
666,Nicole,Hart,Texas,Female,16.958874458874458,2.0,16.77556109725686,Yes
667,John,Richards,Texas,,16.958874458874458,4.0,25.0,Yes
668,Brandon,Lawson,Pennsylvania,Male,19.0,3.0,29.0,No
669,Stephanie,Henry,New York,,18.0,2.0,14.0,No
670,Janet,Ray,,Female,17.051779935275082,3.0,19.0,No
671,Terry,Gray,Colorado,,16.958874458874458,3.5053763440860215,34.0,Yes
672,Antonio,Perez,North Carolina,Male,17.0,2.0,14.0,No
673,Donna,Russell,Ohio,Female,16.958874458874458,4.0,16.77556109725686,Yes
674,Theresa,Kennedy,Indiana,,15.0,2.0,31.0,No
675,Jack,Morrison,Alabama,,16.958874458874458,2.0,16.77556109725686,Yes
676,Louis,Rodriguez,Pennsylvania,Male,16.0,3.0,16.77556109725686,Yes
677,Gregory,Mccoy,Washington,Male,18.0,2.0,16.77556109725686,Yes
678,Gloria,Snyder,Florida,Female,16.0,3.0,7.0,No
679,Phyllis,Wagner,,Female,18.0,3.0,12.0,No
680,Mildred,Fernandez,North Carolina,,15.0,2.0,21.0,No
681,Jean,Sullivan,Arizona,,19.0,2.0,9.0,No
682,Christina,Woods,New York,Female,15.0,2.0,13.0,No
683,Paula,Webb,Minnesota,Female,16.0,2.0,17.0,No
684,Annie,Kennedy,Nevada,,16.958874458874458,4.0,24.0,Yes
685,Heather,Adams,Texas,Female,16.958874458874458,3.5053763440860215,8.0,Yes
686,Katherine,Oliver,Virginia,Female,16.958874458874458,4.0,10.0,Yes
687,Fred,Gonzalez,Idaho,,17.0,4.0,16.77556109725686,Yes
688,Beverly,Kelley,Arkansas,,18.0,2.0,25.0,No
689,Evelyn,White,Massachusetts,Female,17.0,3.0,33.0,No
690,Arthur,Wood,Indiana,Male,17.0,3.0,26.0,No
691,Larry,Bennett,Ohio,Male,15.0,3.0,28.0,No
692,Sharon,Romero,North Carolina,,17.0,3.5053763440860215,25.0,Yes
693,Michelle,Foster,California,,17.0,3.0,27.0,No
694,Philip,Watkins,Arizona,Male,19.0,3.5053763440860215,21.0,Yes
695,Henry,King,District of Columbia,,16.958874458874458,2.0,16.77556109725686,Yes
696,Daniel,Peterson,Texas,Male,17.051779935275082,3.0,22.0,No
697,Daniel,Bowman,Kentucky,,16.0,4.0,31.0,Yes
698,Martha,Alvarez,Colorado,Female,16.0,2.0,13.0,No
699,Kathryn,Medina,Texas,Female,19.0,2.0,16.77556109725686,Yes
700,John,Patterson,,Male,15.0,2.0,4.0,No
701,Michael,Shaw,Florida,Male,18.0,3.5053763440860215,26.0,Yes
702,Janice,Matthews,Kentucky,,15.0,3.0,34.0,No
703,Chris,Little,Michigan,Male,16.0,3.5053763440860215,25.0,Yes
704,Martin,Holmes,Florida,Male,16.958874458874458,4.0,16.0,Yes
705,Debra,Morris,Ohio,Female,16.958874458874458,3.5053763440860215,19.0,Yes
706,Robin,Ryan,,Female,15.0,4.0,15.0,Yes
707,Jason,Richardson,Ohio,Male,16.0,3.0,19.0,No
708,Harry,Williamson,Pennsylvania,,19.0,4.0,13.0,Yes
709,Russell,Anderson,District of Columbia,Male,17.0,4.0,30.0,Yes
710,Johnny,Chapman,,Male,17.051779935275082,2.0,12.0,No
711,Maria,Stevens,Colorado,Female,16.0,2.0,3.0,Yes
712,David,Riley,New York,,18.0,3.5053763440860215,16.77556109725686,Yes
713,Bobby,Anderson,Pennsylvania,,16.958874458874458,4.0,17.0,Yes
714,Stephen,Olson,Florida,Male,19.0,3.5053763440860215,10.0,Yes
715,Ann,Coleman,Washington,,17.0,2.0,16.77556109725686,Yes
716,Diane,Vasquez,New York,Female,15.0,4.0,14.0,Yes
717,Gloria,Hughes,Ohio,Female,19.0,2.0,16.77556109725686,Yes
718,Cynthia,Garza,Ohio,Female,18.0,3.0,24.0,No
719,Louise,Edwards,Indiana,Female,17.0,3.0,31.0,No
720,Kimberly,Montgomery,,,17.0,2.0,20.0,No
721,Brandon,Perry,California,,17.051779935275082,3.0,15.0,No
722,Shirley,Ford,North Carolina,Female,17.0,2.0,34.0,No
723,Phillip,Alvarez,Illinois,Male,16.0,2.0,16.77556109725686,Yes
724,Howard,Lawrence,New York,Male,19.0,4.0,33.0,Yes
725,Stephanie,Johnson,Pennsylvania,Female,18.0,3.5053763440860215,16.77556109725686,Yes
726,Sara,Meyer,California,Female,18.0,2.0,9.0,No
727,Keith,Fernandez,District of Columbia,Male,19.0,3.0,8.0,No
728,Samuel,Allen,Illinois,Male,16.0,4.0,12.0,Yes
729,Carol,Burke,New York,Female,15.0,3.5053763440860215,29.0,Yes
730,Martha,Gordon,Illinois,Female,15.0,3.5053763440860215,22.0,Yes
731,Katherine,Fox,,Female,17.0,4.0,16.77556109725686,Yes
732,Stephanie,Graham,Missouri,Female,17.0,3.5053763440860215,8.0,Yes
733,Roger,Snyder,Kansas,,18.0,4.0,21.0,Yes
734,Mark,Bishop,Ohio,Male,15.0,2.0,11.0,No
735,Pamela,Wilson,,Female,19.0,3.5053763440860215,20.0,Yes
736,Philip,Perkins,Florida,Male,16.958874458874458,4.0,16.77556109725686,Yes
737,Clarence,Stevens,Colorado,Male,16.958874458874458,3.5053763440860215,14.0,Yes
738,Robert,Larson,Iowa,,18.0,3.5053763440860215,3.0,Yes
739,Bruce,Howard,,Male,17.051779935275082,2.0,20.0,No
740,Karen,Turner,Missouri,Female,16.0,4.0,28.0,Yes
741,Thomas,Baker,Missouri,Male,15.0,2.0,20.0,No
742,Thomas,Hayes,California,Male,16.958874458874458,4.0,5.0,Yes
743,Larry,Butler,Arizona,Male,16.0,3.0,28.0,No
744,Anne,Butler,California,,17.0,3.5053763440860215,33.0,Yes
745,Henry,Peters,,,19.0,2.0,14.0,No
746,Patrick,Brooks,California,Male,19.0,3.0,16.77556109725686,Yes
747,Eugene,Brooks,California,Male,16.0,4.0,13.0,Yes
748,Melissa,King,Virginia,Female,18.0,3.5053763440860215,34.0,Yes
749,Margaret,Black,New York,,18.0,4.0,16.77556109725686,Yes
750,Kimberly,Day,Florida,,19.0,2.0,6.0,No
751,Joyce,Matthews,New York,Female,16.958874458874458,4.0,27.0,Yes
752,Julia,Hawkins,Texas,Female,17.0,4.0,7.0,Yes
753,Michelle,Gonzalez,Michigan,Female,17.0,4.0,18.0,Yes
754,Jessica,Elliott,Minnesota,,16.958874458874458,4.0,28.0,Yes
755,Joyce,Murphy,,Female,16.958874458874458,4.0,5.0,Yes
756,Joe,Howell,,,15.0,2.0,20.0,No
757,Steven,George,Oregon,,16.0,3.5053763440860215,11.0,Yes
758,George,Gomez,California,Male,19.0,4.0,2.0,Yes
759,Annie,Hamilton,South Carolina,Female,15.0,3.5053763440860215,13.0,Yes
760,Michael,James,Georgia,Male,17.051779935275082,2.0,33.0,No
761,Jimmy,Holmes,,Male,17.0,3.0,26.0,No
762,Helen,Mcdonald,California,Female,18.0,2.0,15.0,No
763,Diane,Freeman,,Female,16.958874458874458,2.0,16.77556109725686,Yes
764,Lois,Peters,Pennsylvania,Female,19.0,4.0,31.0,Yes
765,Brenda,Martin,Texas,,16.0,3.5053763440860215,16.77556109725686,Yes
766,Christina,Daniels,Virginia,Female,19.0,3.5053763440860215,16.77556109725686,Yes
767,Betty,Rose,Hawaii,Female,17.0,3.0,6.0,No
768,Beverly,Burns,Virginia,Female,16.958874458874458,4.0,8.0,Yes
769,Wayne,Brooks,,Male,17.051779935275082,3.0,30.0,No
770,Ralph,Watkins,District of Columbia,Male,15.0,3.5053763440860215,17.0,Yes
771,Gerald,James,Tennessee,Male,17.0,2.0,16.77556109725686,Yes
772,Nicole,Ramos,Texas,Female,16.0,3.5053763440860215,12.0,Yes
773,Mildred,Williamson,,,16.0,2.0,27.0,No
774,Jerry,Hart,Tennessee,,19.0,2.0,34.0,No
775,Russell,Scott,Wisconsin,Male,19.0,4.0,29.0,Yes
776,Louise,Lane,Pennsylvania,Female,17.0,4.0,34.0,Yes
777,Donna,Ramirez,Texas,,16.0,3.0,6.0,No
778,Frank,Miller,Texas,Male,17.051779935275082,2.0,13.0,No
779,Kimberly,Gordon,Minnesota,,15.0,3.5053763440860215,16.77556109725686,Yes
780,Lois,Hansen,New York,,17.0,2.0,12.0,No
781,Alan,Pierce,California,Male,18.0,3.0,20.0,No
782,Debra,Smith,New York,Female,17.0,2.0,5.0,No
783,Jennifer,Armstrong,California,Female,17.0,3.0,26.0,No
784,Douglas,Fernandez,Florida,Male,19.0,3.0,27.0,No
785,Judith,Alvarez,Michigan,,15.0,4.0,15.0,Yes
786,Roy,Owens,Virginia,Male,16.958874458874458,4.0,19.0,Yes
787,Doris,Long,Illinois,Female,16.0,4.0,16.77556109725686,Yes
788,Diana,Hill,Missouri,Female,19.0,3.5053763440860215,16.77556109725686,Yes
789,Carolyn,Kelley,Texas,Female,17.0,2.0,19.0,No
790,Wayne,Rogers,Alaska,Male,17.051779935275082,3.0,16.0,No
791,Lisa,Romero,,Female,17.0,3.0,2.0,Yes
792,Ryan,Walker,Massachusetts,Male,16.0,3.5053763440860215,16.77556109725686,Yes
793,Rose,Ward,Texas,,19.0,4.0,27.0,Yes
794,Gary,Baker,Alabama,Male,19.0,3.0,31.0,No
795,Lillian,Fields,Tennessee,Female,19.0,4.0,8.0,Yes
796,Kelly,Lopez,Alaska,,16.958874458874458,3.5053763440860215,3.0,Yes
797,Christopher,Butler,Minnesota,,17.0,2.0,31.0,No
798,Mildred,Gray,Virginia,Female,19.0,3.5053763440860215,16.77556109725686,Yes
799,Carol,Ward,Indiana,,16.0,2.0,33.0,No
800,Justin,Clark,California,,16.958874458874458,4.0,9.0,Yes
801,Angela,Crawford,Ohio,Female,17.051779935275082,3.0,4.0,No
802,Clarence,Robinson,Texas,,15.0,3.0,18.0,No
803,Jack,Peters,Nevada,,15.0,3.0,2.0,Yes
804,Julia,Lee,Pennsylvania,Female,15.0,4.0,16.77556109725686,Yes
805,Adam,Chapman,Georgia,Male,16.958874458874458,4.0,18.0,Yes
806,Jean,Davis,California,Female,16.0,4.0,3.0,Yes
807,Ernest,Davis,California,Male,17.0,3.5053763440860215,16.77556109725686,Yes
808,Anthony,Ross,Washington,Male,19.0,4.0,4.0,Yes
809,Jeffrey,Berry,Pennsylvania,,15.0,2.0,26.0,No
810,Jacqueline,Cunningham,Hawaii,Female,16.958874458874458,4.0,31.0,Yes
811,Angela,Banks,Florida,Female,19.0,2.0,16.77556109725686,Yes
812,Amy,Ortiz,Oklahoma,Female,18.0,3.5053763440860215,4.0,Yes
813,Angela,Morrison,,Female,16.0,4.0,7.0,Yes
814,Gary,Matthews,California,Male,18.0,3.0,4.0,No
815,Heather,Lynch,Texas,Female,18.0,2.0,16.77556109725686,Yes
816,Phyllis,Edwards,Florida,,17.051779935275082,3.0,17.0,No
817,Sarah,Lawson,,,16.0,2.0,20.0,No
818,Andrew,Reyes,Texas,Male,15.0,2.0,15.0,No
819,Deborah,Lawson,Florida,,16.0,2.0,14.0,No
820,Paul,Stevens,,Male,18.0,3.0,14.0,No
821,Nancy,Oliver,Indiana,,15.0,2.0,19.0,No
822,Dennis,Carpenter,Indiana,Male,17.0,3.5053763440860215,7.0,Yes
823,Patrick,Ross,Texas,,17.0,4.0,26.0,Yes
824,Gary,Holmes,,Male,17.0,3.5053763440860215,16.77556109725686,Yes
825,Kimberly,Torres,,,17.051779935275082,3.0,32.0,No
826,Amy,Miller,,Female,18.0,3.5053763440860215,31.0,Yes
827,Ruth,Parker,South Carolina,Female,16.958874458874458,4.0,4.0,Yes
828,Juan,Collins,Vermont,Male,17.0,4.0,14.0,Yes
829,Mary,Mason,Texas,Female,19.0,4.0,19.0,Yes
830,Kathryn,Alexander,New Jersey,Female,19.0,2.0,17.0,No
831,Kenneth,Moreno,,Male,19.0,2.0,14.0,No
832,Mildred,Welch,Texas,Female,15.0,3.0,15.0,No
833,Louis,Riley,Utah,Male,16.958874458874458,4.0,16.77556109725686,Yes
834,Roy,Butler,Texas,Male,19.0,3.0,18.0,No
835,Diane,Pierce,Indiana,Female,17.0,3.0,2.0,Yes
836,Randy,Mendoza,Ohio,Male,16.958874458874458,3.5053763440860215,11.0,Yes
837,Irene,Cole,Texas,Female,16.0,4.0,23.0,Yes
838,James,Myers,Illinois,Male,18.0,4.0,9.0,Yes
839,Barbara,Turner,Pennsylvania,Female,17.0,2.0,32.0,No
840,Andrea,Duncan,Ohio,Female,18.0,4.0,24.0,Yes
841,Tammy,Stone,,,15.0,3.0,4.0,No
842,Cheryl,Harvey,,,16.958874458874458,4.0,4.0,Yes
843,Gloria,Ramos,Kansas,,16.0,4.0,23.0,Yes
844,Julia,White,District of Columbia,Female,15.0,3.0,11.0,No
845,Alan,Crawford,California,Male,17.0,4.0,16.77556109725686,Yes
846,Rachel,Lee,,Female,19.0,3.0,27.0,No
847,Laura,Mitchell,Colorado,Female,18.0,4.0,16.77556109725686,Yes
848,Christina,Moore,New York,Female,19.0,3.0,22.0,No
849,Marie,Wood,Michigan,,16.958874458874458,3.5053763440860215,27.0,Yes
850,Jean,Gonzalez,Missouri,Female,17.0,3.0,23.0,No
851,Gloria,Edwards,California,,18.0,4.0,16.77556109725686,Yes
852,Kathy,Bailey,New York,Female,19.0,3.0,16.77556109725686,Yes
853,Heather,Owens,,Female,15.0,3.5053763440860215,16.77556109725686,Yes
854,Ruth,Carroll,Kentucky,Female,16.958874458874458,3.5053763440860215,14.0,Yes
855,Jimmy,Bryant,Pennsylvania,Male,16.0,3.5053763440860215,4.0,Yes
856,Thomas,Tucker,California,Male,17.051779935275082,3.0,8.0,No
857,Janet,Murphy,Michigan,Female,17.0,3.5053763440860215,6.0,Yes
858,Angela,Kelly,Connecticut,Female,15.0,4.0,32.0,Yes
859,Douglas,Burke,Illinois,,16.0,3.0,8.0,No
860,Justin,Bennett,,Male,15.0,2.0,3.0,Yes
861,Kevin,Robinson,Montana,Male,17.051779935275082,3.0,25.0,No
862,Pamela,Hudson,,Female,16.0,3.5053763440860215,16.77556109725686,Yes
863,Barbara,Mccoy,New York,,19.0,3.0,15.0,No
864,Sara,Garcia,Louisiana,Female,19.0,3.0,21.0,No
865,John,Fields,,Male,16.958874458874458,4.0,14.0,Yes
866,Joe,Franklin,Ohio,Male,15.0,2.0,15.0,No
867,Ruby,Long,Minnesota,,16.958874458874458,4.0,4.0,Yes
868,Phyllis,Oliver,Michigan,Female,17.0,4.0,27.0,Yes
869,Patrick,Barnes,Texas,Male,17.0,3.0,7.0,No
870,Joshua,Butler,,Male,18.0,4.0,16.77556109725686,Yes
871,Janet,Cox,Texas,Female,17.051779935275082,3.0,9.0,No
872,William,Harris,Alabama,Male,18.0,3.0,6.0,No
873,Diana,Howard,Minnesota,Female,15.0,3.5053763440860215,16.77556109725686,Yes
874,Joe,Hicks,Florida,Male,15.0,3.0,16.77556109725686,Yes
875,Amy,Walker,Alabama,Female,16.958874458874458,3.5053763440860215,29.0,Yes
876,Matthew,Brown,Iowa,Male,19.0,3.0,6.0,No
877,Adam,Larson,District of Columbia,,17.051779935275082,3.0,27.0,No
878,Victor,Kelley,California,,17.0,3.0,16.77556109725686,Yes
879,Amanda,Reyes,District of Columbia,Female,15.0,3.5053763440860215,9.0,Yes
880,Aaron,Shaw,Texas,,15.0,2.0,5.0,No
881,Kevin,Campbell,California,Male,17.0,4.0,28.0,Yes
882,Evelyn,Watson,South Carolina,,15.0,2.0,14.0,No
883,Amy,Nguyen,New York,Female,18.0,2.0,30.0,No
884,Betty,Stone,Colorado,,17.0,2.0,31.0,No
885,Susan,Spencer,Missouri,,19.0,4.0,17.0,Yes
886,Patricia,Hernandez,Arizona,,19.0,4.0,14.0,Yes
887,Jesse,Hunter,Pennsylvania,,18.0,2.0,16.0,No
888,Mark,Parker,New York,Male,16.958874458874458,4.0,16.77556109725686,Yes
889,Deborah,Franklin,,Female,16.0,4.0,31.0,Yes
890,Sharon,Dixon,District of Columbia,Female,19.0,3.0,12.0,No
891,Ruth,Larson,Washington,Female,18.0,4.0,16.77556109725686,Yes
892,Gerald,Mendoza,Florida,Male,17.0,3.0,7.0,No
893,Gregory,Green,Arizona,Male,15.0,4.0,6.0,Yes
894,Eric,Greene,California,Male,15.0,3.0,33.0,No
895,Amanda,Anderson,Nevada,Female,19.0,4.0,4.0,Yes
896,Kathleen,Lane,Indiana,Female,19.0,4.0,24.0,Yes
897,Andrew,Murphy,Minnesota,Male,16.0,2.0,16.77556109725686,Yes
898,Andrea,Nichols,Maryland,Female,17.0,2.0,7.0,No
899,Louis,Sims,Virginia,Male,16.958874458874458,3.5053763440860215,10.0,Yes
900,Jennifer,Nguyen,Kansas,,17.051779935275082,3.0,6.0,No
901,Amy,Bennett,Nebraska,Female,15.0,3.5053763440860215,6.0,Yes
902,Christina,Hall,Florida,Female,18.0,2.0,14.0,No
903,Emily,Griffin,Louisiana,Female,15.0,3.0,16.77556109725686,Yes
904,Dennis,Stephens,Pennsylvania,Male,17.0,3.0,25.0,No
905,Harry,Wells,Pennsylvania,Male,17.0,3.5053763440860215,20.0,Yes
906,Michael,Grant,,Male,17.0,2.0,27.0,No
907,Benjamin,Nguyen,Ohio,Male,19.0,4.0,16.77556109725686,Yes
908,Ruth,Ortiz,Pennsylvania,Female,17.0,2.0,8.0,No
909,Diane,Austin,,,17.051779935275082,2.0,22.0,No
910,Sarah,Perry,California,Female,16.958874458874458,3.5053763440860215,7.0,Yes
911,Patrick,Richards,Minnesota,Male,19.0,3.0,16.77556109725686,Yes
912,Melissa,Daniels,Indiana,Female,17.051779935275082,2.0,24.0,No
913,Kimberly,Gardner,Virginia,Female,18.0,4.0,16.77556109725686,Yes
914,Larry,Smith,Maryland,,16.0,3.0,15.0,No
915,Debra,Warren,Texas,Female,15.0,4.0,31.0,Yes
916,Beverly,Tucker,Oklahoma,,19.0,3.5053763440860215,19.0,Yes
917,Gary,Fernandez,Maryland,Male,19.0,3.5053763440860215,5.0,Yes
918,Ralph,Perry,Texas,,15.0,4.0,9.0,Yes
919,Patricia,Ellis,Florida,,16.958874458874458,4.0,31.0,Yes
920,Kathy,Fernandez,New York,Female,17.051779935275082,2.0,21.0,No
921,Rebecca,Duncan,California,,17.051779935275082,3.0,31.0,No
922,Angela,Arnold,New Jersey,,15.0,4.0,11.0,Yes
923,Tina,Lopez,Indiana,Female,18.0,3.0,2.0,Yes
924,Diane,Griffin,New York,Female,16.0,2.0,16.0,No
925,Raymond,Hunt,,Male,15.0,2.0,16.77556109725686,Yes
926,Shirley,Kelly,California,Female,15.0,3.0,27.0,No
927,Ashley,Ramirez,Texas,Female,15.0,3.0,29.0,No
928,Alan,Davis,Wisconsin,Male,17.0,3.5053763440860215,16.77556109725686,Yes
929,Cheryl,Spencer,Michigan,Female,16.958874458874458,2.0,16.77556109725686,Yes
930,Sandra,Hunter,New Mexico,Female,16.958874458874458,3.5053763440860215,10.0,Yes
931,Barbara,Parker,,Female,17.051779935275082,2.0,13.0,No
932,Kimberly,Lynch,Texas,Female,18.0,3.0,7.0,No
933,Edward,Meyer,Virginia,Male,19.0,2.0,28.0,No
934,Anna,Stone,Texas,,18.0,4.0,17.0,Yes
935,Roger,Thompson,Virginia,,18.0,2.0,16.77556109725686,Yes
936,Gary,Marshall,Minnesota,Male,18.0,4.0,8.0,Yes
937,Anthony,Ray,New York,Male,18.0,4.0,4.0,Yes
938,Ruby,Castillo,California,Female,19.0,3.0,11.0,No
939,Kenneth,Evans,Indiana,Male,15.0,4.0,24.0,Yes
940,Nancy,Peters,,Female,16.958874458874458,3.5053763440860215,6.0,Yes
941,Andrea,Sanchez,Florida,Female,16.958874458874458,3.5053763440860215,16.77556109725686,Yes
942,Joan,Fox,Virginia,Female,15.0,2.0,16.77556109725686,Yes
943,Denise,Holmes,District of Columbia,Female,17.0,2.0,7.0,No
944,Todd,Pierce,Missouri,,19.0,3.5053763440860215,4.0,Yes
945,Dennis,Lopez,Georgia,Male,16.958874458874458,3.5053763440860215,16.77556109725686,Yes
946,Randy,Myers,Delaware,Male,16.958874458874458,3.5053763440860215,17.0,Yes
947,Maria,Marshall,Georgia,,18.0,4.0,22.0,Yes
948,Susan,Gonzales,California,Female,19.0,3.0,16.77556109725686,Yes
949,Diane,Fox,Nebraska,Female,17.051779935275082,2.0,28.0,No
950,Billy,Gonzales,South Dakota,Male,16.0,3.0,27.0,No
951,Jean,Carr,North Dakota,Female,16.0,2.0,31.0,No
952,Jerry,Hanson,Texas,Male,18.0,2.0,16.77556109725686,Yes
953,Tammy,Parker,Connecticut,Female,19.0,3.5053763440860215,33.0,Yes
954,Kathleen,Grant,Louisiana,Female,15.0,2.0,2.0,Yes
955,Anthony,Sanders,,Male,17.0,4.0,10.0,Yes
956,Justin,Lawrence,Florida,,17.051779935275082,3.0,13.0,No
957,Jacqueline,Day,Illinois,Female,18.0,3.5053763440860215,16.77556109725686,Yes
958,Wayne,Sanchez,Texas,Male,18.0,4.0,12.0,Yes
959,Jerry,Washington,Nevada,Male,17.051779935275082,3.0,30.0,No
960,Louise,Brooks,Utah,Female,17.051779935275082,3.0,26.0,No
961,Dennis,Schmidt,New York,Male,16.0,2.0,2.0,Yes
962,Teresa,Olson,Florida,Female,15.0,4.0,7.0,Yes
963,Arthur,Hill,,Male,17.0,3.0,8.0,No
964,Craig,Rose,,Male,16.958874458874458,3.5053763440860215,10.0,Yes
965,Rachel,Hawkins,Minnesota,Female,17.051779935275082,3.0,20.0,No
966,Edward,Warren,Florida,Male,19.0,3.0,15.0,No
967,Teresa,Fisher,North Carolina,,16.958874458874458,4.0,16.77556109725686,Yes
968,Jean,Gonzales,New York,,17.051779935275082,3.0,4.0,No
969,Susan,Nguyen,,Female,18.0,3.5053763440860215,16.0,Yes
970,Michelle,Greene,Oklahoma,Female,16.958874458874458,4.0,8.0,Yes
971,Christopher,Stanley,Colorado,Male,16.0,2.0,29.0,No
972,Jeffrey,Mason,Georgia,Male,16.958874458874458,4.0,16.77556109725686,Yes
973,Phyllis,Smith,,,16.958874458874458,4.0,22.0,Yes
974,Jessica,Montgomery,Michigan,Female,18.0,3.0,18.0,No
975,Jessica,Wheeler,California,Female,16.958874458874458,2.0,16.77556109725686,Yes
976,Carl,Bryant,Ohio,,17.0,2.0,29.0,No
977,Wanda,Rivera,New York,Female,18.0,4.0,16.0,Yes
978,Betty,Reid,Delaware,,15.0,3.0,3.0,Yes
979,Ruby,Diaz,Ohio,Female,15.0,4.0,30.0,Yes
980,Thomas,Myers,Texas,Male,15.0,3.0,2.0,Yes
981,Jane,Sims,Texas,Female,19.0,2.0,25.0,No
982,Laura,Nelson,,Female,17.0,2.0,16.77556109725686,Yes
983,Jessica,Gonzales,Nevada,Female,17.0,3.0,15.0,No
984,Ralph,Freeman,California,Male,18.0,3.0,31.0,No
985,Jose,Jordan,Connecticut,Male,16.958874458874458,4.0,20.0,Yes
986,Andrea,Banks,California,Female,19.0,2.0,11.0,No
987,Gloria,Ross,Missouri,,16.958874458874458,4.0,16.77556109725686,Yes
988,Harry,Carr,Nebraska,,16.0,3.5053763440860215,34.0,Yes
989,Anthony,Sanders,District of Columbia,,15.0,4.0,2.0,Yes
990,Ruby,King,California,Female,18.0,4.0,14.0,Yes
991,Deborah,King,New York,Female,19.0,4.0,31.0,Yes
992,Arthur,Green,Oklahoma,Male,16.958874458874458,4.0,20.0,Yes
993,Earl,Weaver,Ohio,Male,19.0,2.0,26.0,No
994,Ralph,Lopez,District of Columbia,,16.0,4.0,16.77556109725686,Yes
995,Frank,Stone,Louisiana,Male,16.0,4.0,25.0,Yes
996,Shirley,Garrett,Minnesota,Female,15.0,4.0,16.77556109725686,Yes
997,Jane,Rodriguez,Ohio,,17.0,3.5053763440860215,20.0,Yes
998,Robin,George,California,Female,19.0,3.5053763440860215,16.77556109725686,Yes
999,Martin,Fowler,Texas,Male,18.0,3.0,19.0,No
